animal_id,n_estrus,n_nights,pct_estrus
9257,6,15,40.0
9258,15,15,100.0
9259,1,15,6.666666666666667
9260,5,15,33.333333333333336
9261,2,15,13.333333333333334
9262,6,15,40.0
9263,3,15,20.0
9264,5,15,33.333333333333336
9265,6,15,40.0
9266,9,14,64.28571428571429
9267,6,14,42.857142857142854
9268,6,14,42.857142857142854
9269,9,13,69.23076923076923
9270,3,13,23.076923076923077
9271,6,13,46.15384615384615
9272,6,14,42.857142857142854
9273,6,14,42.857142857142854
9274,6,14,42.857142857142854
